Numéro EMIS;teacher_surname;teacher_name;teacher_sex;Date of birth
1;2Nrydoss;Guvyugu;Female;16/01/1978
2;Adakma - Bahy;Itku W;Female;12/04/1988
3;Adakma-Gdumm;Axydi;Female;29/12/1989
4;Adoyhhi;Gaziz;Male;29/07/1964
5;Adoyhhi;Gaziz;Male;06/10/1984
6;Adoyhhi;Wvykqizz  Uereznu;Female;15/11/1961
7;Aeykxyka;Oagpu;Male;24/04/1967
8;Afykn-Punak;Utiaxu;Male;24/04/1999
9;Ahe Zakyn;Hykycvit N;Female;05/03/1984
10;Ahu Fohhoupn;Ixyfipinl;Female;09/10/1964
11;Akoyh;Urkiz G;Female;02/12/1994
12;A'Kyoh;Catuo Ithuvt;Male;22/07/1966
13;A'Kyoh;Wlyxyw S.;Male;31/10/1997
14;Ammydjyok;Sakunluk;Male;05/02/1962
15;Ammydjyok;Uxcvit   Sv;Male;25/11/1989
16;Ammydjyok;Zugeix P;Male;27/10/1971
17;Anoj;Nugpu;Male;08/02/1986
18;Anpuk;Juxajal;Male;29/10/1970
19;Anpuk;Nugpu Tudyt;Male;27/02/1963
20;Anpuk;Qaknil V.;Male;02/07/1964
21;Anra;Gyqluix A.;Male;16/12/1980
22;Anuoa;Niprilek;Male;26/08/1973
23;Anuoa;Niprilek;Male;30/05/1991
24;Apud;Aguve Kevetiik;Male;03/04/1980
25;Apude;Cim;Male;08/06/1997
26;Apude;Sakunluk;Male;31/01/1984
27;Apude;Sakunluk P;Male;25/02/1999
28;Apude Juddoy;Uxwlu;Male;19/03/1987
29;Aqaho;Guvruvin Ksytiju;Female;12/12/1982
30;Aqak;Pviktuxyki;Female;04/10/1992
31;Aqako_Fohhoupn;Uxim;Male;18/03/1973
32;Assad;Rivuxtyki  Q;Female;18/04/1993
33;Baagyd;Guvyuk;Female;24/07/1960
34;Baagyd;Ithyk C;Male;30/10/1987
35;Baagyd;Ixyfupinl;Female;18/11/1994
36;Baagyd;Iznliv;Female;13/02/1991
37;Baagyd;Nliawlyxez;Male;12/06/1998
38;Baagyd;Saziwl Qluvxiz;Male;30/03/1988
39;Baagyd;Sugiz Sakunluk  Givjigay;Male;20/04/1971
40;Baagyd;Ukk;Female;18/07/1995
41;Baapju;Luhu Vuqlix;Female;17/01/1982
42;Baapjyd;Cuknu .Wunyikqi;Female;13/11/1984
43;Baapjyd;Galuggit;Male;05/11/1987
44;Baapjyd;Galugit;Male;09/12/1985
45;Baapjyd;Galugit;Male;10/07/1981
46;Baapjyd;Gayhexil;Male;17/06/1964
47;Baapjyd;Gykinni;Female;26/10/1965
48;Baapjyd;Paqjuvyi Nuhy;Male;24/04/1965
49;Baapjyd;Paqjuvyi Utakyz;Male;13/01/1968
50;Baapjyd;Pvuygu;Male;27/03/1984
51;Baapjyd;Riavryuku;Female;18/10/1982
52;Baapjyd;Seze Xukzuku;Male;19/05/1960
53;Baapjyd;Ukzeguku;Male;10/01/1983
54;Baapjyd;Viryku G;Female;13/08/1970
55;Baapjyd;Zlije;Male;03/08/1967
56;Baapjyd;Zlije. Winiv;Male;21/09/1960
57;Baapjyd;Znukxio;Male;03/08/1994
58;Baapjyd;Zug P;Male;14/08/1999
59;Baapjyd;Zugeix Sekyav;Male;28/12/1982
60;Baapjyd U;Tuetu;Male;02/10/1978
61;Baaxui;Tipavul Y;Male;07/09/1982
62;Badkyh;Upyi;Female;07/02/1997
63;Badkyr;Geze J;Female;29/10/1976
64;Bafuk;Cvukqizz;Male;29/04/1964
65;Bafuk;Ivyq Z X;Male;17/11/1982
66;Bagadpyr;Guvyi H.;Female;08/11/1989
67;Baggyd;Wuvnvyqyu S;Female;12/04/1964
68;Bahepju;Guvo;Female;15/10/1964
69;Bahepju;Sugiz Uxxukzak;Male;06/07/1993
70;Bahepjyd;Ykkul R;Female;15/10/1970
71;Bahhoyd;Galugit;Male;30/09/1967
72;Bahhoyd;Gavvyzak;Male;31/12/1972
73;Bahhoyd;Guvnlu;Female;27/10/1977
74;Bahhoyd;Guvnlu S;Female;03/08/1962
75;Bahhoyd;Jutyune;Female;01/04/1960
76;Bahhoyd;Tukyix P;Male;29/07/1971
77;Bahhoyd;Uptex  H;Male;25/08/1992
78;Bahhoyd;Uxezyki N;Male;21/04/1994
79;Bahhoyd;Uxlusy;Male;16/10/1988
80;Bahhoyd;Vetaxwl;Male;11/10/1997
81;Bahhoyd;W Lukkul;Female;22/01/1985
82;Bahhoyd;Wlyxyqyu G;Female;13/09/1982
83;Bahhoyd;Ypvulyg U;Male;13/08/1965
84;Bahqyd;Igyxyu;Female;16/03/1975
85;Bahy;Agax Sakunluk;Male;17/11/1965
86;Bahy;Cuynl.I.;Female;04/06/1991
87;Bahy;Cvukqyz Y;Male;20/08/1982
88;Bahy;Cvukqyz Y;Male;29/10/1997
89;Bahy;Cxavikqi A.;Female;04/03/1986
90;Bahy;Dyqnav;Male;01/12/1964
91;Bahy;Fuykup W;Female;09/03/1991
92;Bahy;Guvdixaz Ryxwyk;Male;20/08/1989
93;Bahy;Guvyugu;Female;20/05/1961
94;Bahy;Gyvuktu Zuxxuo;Female;06/09/1965
95;Bahy;Huniv;Male;03/07/1965
96;Bahy;Ierykyu;Female;30/09/1969
97;Bahy;Ithuvt P;Male;04/07/1980
98;Bahy;Ixyfupinl;Male;16/08/1973
99;Bahy;Ixyfupinl A;Female;15/07/1976
100;Bahy;Kuzyvetiik;Male;31/10/1984
101;Bahy;Likvo I;Male;26/09/1976
102;Bahy;Likvyinnu V;Female;15/04/1985
103;Bahy;Luhu S.;Female;20/03/1971
104;Bahy;Nyrytukjuo;Female;12/11/1975
105;Bahy;Oezyce;Male;12/05/1963
106;Bahy;Quvaxyki Xyxxyuk;Female;11/04/1993
107;Bahy;Riavri;Male;10/08/1975
108;Bahy;Rxutoz;Female;27/10/1980
109;Bahy;Rxutoz  Gunyxytu;Female;28/12/1987
110;Bahy;Saziwl;Male;29/08/1995
111;Bahy;Saziwl  Vigyzu;Male;13/10/1995
112;Bahy;Saziwl Salkko;Male;21/03/1965
113;Bahy;Saziwlyki Q;Female;16/12/1998
114;Bahy;Sazyi;Male;01/08/1987
115;Bahy;Sexyez U;Male;08/05/1999
116;Bahy;Sivigyul;Male;14/01/1968
117;Bahy;Siznyku P.;Female;08/11/1982
118;Bahy;Sugiz U.;Male;12/11/1962
119;Bahy;Suki;Female;15/05/1994
120;Bahy;Uereznu  Z;Female;09/10/1960
121;Bahy;Uptexuy;Male;02/05/1987
122;Bahy;Vuzlyt;Male;28/09/1970
123;Bahy;Wunvyqj  P;Male;18/09/1998
124;Bahy;Wvykqizz;Female;14/03/1994
125;Bahy;Xuevinnu;Female;14/11/1974
126;Bahy;Ykul S.;Female;27/04/1987
127;Bahy;Ypvulyg;Male;16/12/1960
128;Bahy;Ypvulyg Y.T;Male;13/04/1990
129;Bahy;Yzlu;Female;22/04/1960
130;Bahy;Zexuyguk;Male;12/01/1984
131;Bahy;Zexuyguk;Male;11/06/1962
132;Bahy Ajyx;Avuy;Female;08/12/1990
133;Bahy Ujaqa;Tizgakt;Male;26/12/1971
134;Bak6;Tudyt;Male;16/12/1973
135;Bakkonak;Sakunluk N;Male;16/02/1980
136;Bakkonak;Uereznez;Male;29/06/1971
137;Bakkonoak;Zoxdukez Iggukeix Naggo;Male;09/01/1981
138;Bakkyh;Zakko Uxpivn;Male;15/03/1976
139;Bakkyhh Zay;Gum;Male;17/04/1973
140;Bakkyhh Zay;Gum;Male;10/08/1991
141;Bakkyr;Galuggit. Zus.;Male;06/02/1960
142;Bakkyr;Guvnlu;Female;29/09/1980
143;Bakkyr;Qlvyznyuk J;Female;02/06/1986
144;Bakmdr;Gurvin;Female;20/06/1970
145;Bakmy;Galugit  Uxyi;Male;24/05/1991
146;Bakmy;Ujgut;Male;18/05/1992
147;Bakmykr;Uptexyu Z;Male;13/03/1994
148;Bakmyr;Apuy U;Male;08/01/1979
149;Bakmyr;Axydinni;Female;09/08/1966
150;Bakmyr;Azguk;Male;11/11/1992
151;Bakmyr;Azguk;Male;17/10/1977
152;Bakmyr;Azguk;Male;27/01/1993
153;Bakmyr;Azguk;Male;21/07/1960
154;Bakmyr;Azguk;Male;31/01/1991
155;Bakmyr;Azguk;Male;10/11/1990
156;Bakmyr;Azguk;Male;30/03/1996
157;Bakmyr;Azguk;Male;01/07/1995
158;Bakmyr;Azguk;Male;10/11/1972
159;Bakmyr;Azguk;Male;12/11/1997
160;Bakmyr;Azguk;Male;03/05/1985
161;Bakmyr;Azguk  Uptexuy;Male;31/12/1997
162;Bakmyr;Azguk  Z;Male;26/07/1960
163;Bakmyr;Azguk Ceut;Male;04/05/1965
164;Bakmyr;Azguk G;Male;04/07/1984
165;Bakmyr;Azguk G;Male;18/06/1999
166;Bakmyr;Azguk Galugit;Male;15/04/1966
167;Bakmyr;Azguk U;Male;03/11/1997
168;Bakmyr;Azguk U Z;Male;18/08/1971
169;Bakmyr;Azguk Uptex;Male;29/12/1981
170;Bakmyr;Azguk Uptexuy;Male;08/05/1968
171;Bakmyr;Azguk Upuzz;Male;08/08/1965
172;Bakmyr;Azguk V;Male;12/11/1971
173;Bakmyr;Azguk Y;Male;19/05/1971
174;Bakmyr;Azguk Z;Male;29/04/1977
175;Bakmyr;Azguk Z;Male;01/05/1992
176;Bakmyr;Caeut Zlije;Male;09/02/1971
177;Bakmyr;Cakny Iggukeix;Male;30/12/1963
178;Bakmyr;Catuo;Male;23/11/1991
179;Bakmyr;Catuo;Male;06/01/1969
180;Bakmyr;Catuo;Male;25/07/1966
181;Bakmyr;Catuo  V;Male;28/04/1974
182;Bakmyr;Catuo Gykjuyxe;Male;08/06/1964
183;Bakmyr;Catuo P;Male;13/04/1988
184;Bakmyr;Catuo Z;Male;02/02/1965
185;Bakmyr;Catuo Z;Male;03/11/1988
186;Bakmyr;Catuo Zugpu;Male;26/05/1980
187;Bakmyr;Cetyu;Female;10/08/1998
188;Bakmyr;Cexxugeze;Female;08/03/1978
189;Bakmyr;Cixym Catuo;Male;04/05/1965
190;Bakmyr;Cixym G;Male;11/02/1979
191;Bakmyr;Ciznez A;Male;08/07/1961
192;Bakmyr;Cukkil;Male;29/11/1980
193;Bakmyr;Cuknu;Female;07/11/1966
194;Bakmyr;Cune;Female;25/05/1967
195;Bakmyr;Cune J.;Female;05/07/1996
196;Bakmyr;Cune Javoul;Female;25/01/1965
197;Bakmyr;Cune Z.;Female;13/08/1977
198;Bakmyr;Cungunu;Female;13/03/1979
199;Bakmyr;Cungunu;Female;16/08/1968
200;Bakmyr;Cungunu;Female;17/08/1970
201;Bakmyr;Cungunu;Female;15/04/1966
202;Bakmyr;Cungunu;Female;01/04/1979
203;Bakmyr;Cungunu;Female;13/01/1994
204;Bakmyr;Cungunu;Female;06/10/1965
205;Bakmyr;Cungunu;Female;23/10/1985
206;Bakmyr;Cungunu  Xugyk;Female;23/09/1989
207;Bakmyr;Cungunu C;Female;15/07/1973
208;Bakmyr;Cungunu G;Female;22/07/1974
209;Bakmyr;Cungunu G;Female;04/11/1990
210;Bakmyr;Cungunu G;Female;01/01/1967
211;Bakmyr;Cungunu Galugit;Female;23/02/1986
212;Bakmyr;Cungunu Jivvyi;Female;04/09/1976
213;Bakmyr;Cungunu P;Female;02/10/1960
214;Bakmyr;Cungunu Pykne;Female;17/07/1998
215;Bakmyr;Cungunu S;Female;30/08/1963
216;Bakmyr;Cungunu U;Female;03/04/1976
217;Bakmyr;Cungunu U;Female;21/08/1962
218;Bakmyr;Cungunu Uxyqi;Female;10/04/1994
219;Bakmyr;Cungunu V;Female;25/04/1963
220;Bakmyr;Cungunu Wavnyu;Female;13/07/1994
221;Bakmyr;Cungunu Zakyunu;Female;17/01/1976
222;Bakmyr;Cungunu. K.;Female;05/04/1987
223;Bakmyr;Cvukbea Zukjal;Male;03/02/1995
224;Bakmyr;Cvukbea Zukjal;Male;04/04/1977
225;Bakmyr;Cvukjxok  Z;Male;17/01/1966
226;Bakmyr;Cvukqiz;Female;28/06/1964
227;Bakmyr;Cvukqizz;Female;22/11/1984
228;Bakmyr;Cvukqyz;Male;02/04/1977
229;Bakmyr;Cvukqyz;Male;18/01/1970
230;Bakmyr;Cvukqyz;Male;14/07/1993
231;Bakmyr;Cvukqyz;Male;11/07/1990
232;Bakmyr;Cvukqyz;Male;12/11/1979
233;Bakmyr;Cvukqyz;Male;24/09/1987
234;Bakmyr;Cvukqyz;Male;22/02/1969
235;Bakmyr;Cvukqyz N;Male;12/12/1991
236;Bakmyr;Cvukqyz P;Male;24/04/1988
237;Bakmyr;Cvukqyz.U;Male;12/12/1980
238;Bakmyr;Cvukqyz.U;Male;16/06/1984
239;Bakmyr;Cxavikqi P;Female;11/09/1974
240;Bakmyr;Divakyqu C;Female;16/12/1990
241;Bakmyr;Divakyqu Zikna;Female;21/10/1991
242;Bakmyr;Dyqnav;Male;25/02/1990
243;Bakmyr;Dyqnavo Zuvu;Male;06/02/1995
244;Bakmyr;Dyqnavyu Z;Female;09/05/1977
245;Bakmyr;Ege Luhu;Female;28/08/1993
246;Bakmyr;Eguv;Male;13/08/1977
247;Bakmyr;Eguve;Male;03/08/1962
248;Bakmyr;Ekyz;Male;03/03/1965
249;Bakmyr;Ekyzu;Male;17/07/1975
250;Bakmyr;Ekyzu;Male;19/08/1968
251;Bakmyr;Ekyzu;Male;26/03/1994
252;Bakmyr;Ezguk;Male;13/01/1974
253;Bakmyr;Ezguk;Male;26/11/1960
254;Bakmyr;Fuqluvyu;Male;31/07/1968
255;Bakmyr;Fuykup;Female;08/01/1969
256;Bakmyr;Fuykup;Female;10/06/1975
257;Bakmyr;Fuykup;Female;04/05/1983
258;Bakmyr;Fuykup;Female;03/11/1999
259;Bakmyr;Fuykup;Female;12/01/1973
260;Bakmyr;Fuykup;Female;20/02/1989
261;Bakmyr;Fuykup;Female;22/11/1988
262;Bakmyr;Fuykup Gurvin;Female;03/06/1983
263;Bakmyr;Fuykup L;Female;26/08/1963
264;Bakmyr;Fuykup P;Female;02/04/1986
265;Bakmyr;Fuykup Z;Female;26/08/1994
266;Bakmyr;Gagal;Male;09/05/1970
267;Bakmyr;Gagal;Male;17/04/1979
268;Bakmyr;Gagal;Male;17/11/1970
269;Bakmyr;Gagal U;Male;28/09/1964
270;Bakmyr;Gagate;Male;04/09/1968
271;Bakmyr;Gagate;Male;26/03/1992
272;Bakmyr;Gagate;Male;03/04/1967
273;Bakmyr;Gagate Ukze;Male;27/12/1970
274;Bakmyr;Galuggit P;Male;07/12/1991
275;Bakmyr;Galugit;Male;17/10/1996
276;Bakmyr;Galugit;Male;13/02/1960
277;Bakmyr;Galugit;Male;15/02/1995
278;Bakmyr;Galugit;Male;10/04/1995
279;Bakmyr;Galugit;Male;22/05/1978
280;Bakmyr;Galugit;Male;21/12/1964
281;Bakmyr;Galugit;Male;04/01/1995
282;Bakmyr;Galugit;Male;13/08/1996
283;Bakmyr;Galugit;Male;14/05/1974
284;Bakmyr;Galugit;Male;24/06/1985
285;Bakmyr;Galugit;Male;24/05/1994
286;Bakmyr;Galugit;Male;27/12/1978
287;Bakmyr;Galugit;Male;01/02/1994
288;Bakmyr;Galugit;Male;26/11/1968
289;Bakmyr;Galugit;Male;08/04/1972
290;Bakmyr;Galugit;Male;31/05/1964
291;Bakmyr;Galugit;Male;17/12/1985
292;Bakmyr;Galugit;Male;21/02/1983
293;Bakmyr;Galugit;Male;18/04/1994
294;Bakmyr;Galugit;Male;16/02/1968
295;Bakmyr;Galugit;Male;17/10/1960
296;Bakmyr;Galugit;Male;12/12/1997
297;Bakmyr;Galugit;Male;19/02/1998
298;Bakmyr;Galugit;Male;30/07/1977
299;Bakmyr;Galugit  C;Male;08/05/1971
300;Bakmyr;Galugit  Git;Male;12/11/1973
301;Bakmyr;Galugit  Guvnyk;Male;29/10/1972
302;Bakmyr;Galugit  Z;Male;01/02/1983
303;Bakmyr;Galugit  Zlivycc;Male;29/11/1990
304;Bakmyr;Galugit  Zuya;Male;18/09/1983
305;Bakmyr;Galugit A.;Male;01/12/1971
306;Bakmyr;Galugit C;Male;22/03/1987
307;Bakmyr;Galugit C;Male;25/11/1969
308;Bakmyr;Galugit C.;Male;03/04/1994
309;Bakmyr;Galugit Ekyz;Male;11/11/1990
310;Bakmyr;Galugit G;Male;17/10/1992
311;Bakmyr;Galugit G;Male;25/03/1973
312;Bakmyr;Galugit G;Male;22/07/1978
313;Bakmyr;Galugit G.;Male;04/01/1967
314;Bakmyr;Galugit G.;Male;11/07/1967
315;Bakmyr;Galugit Gagal;Male;15/12/1979
316;Bakmyr;Galugit Gavvuo;Male;20/07/1998
317;Bakmyr;Galugit Luzzuk;Male;23/02/1984
318;Bakmyr;Galugit P.;Male;13/06/1981
319;Bakmyr;Galugit Pukruxyi;Male;30/03/1989
320;Bakmyr;Galugit R.J;Male;18/05/1997
321;Bakmyr;Galugit U;Male;30/07/1997
322;Bakmyr;Galugit U;Male;10/02/1974
323;Bakmyr;Galugit U;Male;13/04/1970
324;Bakmyr;Galugit U;Male;28/08/1987
325;Bakmyr;Galugit U;Male;07/04/1975
326;Bakmyr;Galugit U;Male;04/08/1996
327;Bakmyr;Galugit U;Male;02/09/1987
328;Bakmyr;Galugit U.;Male;01/07/1994
329;Bakmyr;Galugit Ugyk;Male;24/05/1984
330;Bakmyr;Galugit Ugyk;Male;04/11/1961
331;Bakmyr;Galugit Uxyi;Male;09/01/1960
332;Bakmyr;Galugit Uxyie;Male;01/12/1972
333;Bakmyr;Galugit W;Male;24/01/1999
334;Bakmyr;Galugit Xugyk;Male;11/11/1967
335;Bakmyr;Galugit Y.;Male;17/12/1989
336;Bakmyr;Galugit Ypvulyg;Male;03/10/1994
337;Bakmyr;Galugit Z;Male;14/05/1973
338;Bakmyr;Galugit Z;Male;05/07/1998
339;Bakmyr;Galugit Z;Male;24/04/1989
340;Bakmyr;Galugit Z;Male;04/01/1974
341;Bakmyr;Galugit Z;Male;07/06/1998
342;Bakmyr;Galugit Z;Male;25/01/1982
343;Bakmyr;Galugit Z.;Male;05/07/1985
344;Bakmyr;Galugit Z.;Male;13/02/1962
345;Bakmyr;Galugit Z.;Male;25/08/1968
346;Bakmyr;Galugit Zavyi;Male;08/11/1983
347;Bakmyr;Galugit Zavyi;Male;12/04/1961
348;Bakmyr;Galugit Zliyj;Male;06/08/1969
349;Bakmyr;Galugit Zugeix;Male;28/12/1984
350;Bakmyr;Galugit Zuxxyie;Male;13/01/1987
351;Bakmyr;Galugit Zuxxyie;Male;15/06/1973
352;Bakmyr;Galugit Zxodizniv;Male;02/06/1997
353;Bakmyr;Galugit. Z;Male;26/04/1995
354;Bakmyr;Gavxuy;Male;18/10/1990
355;Bakmyr;Gavxuy G;Male;27/05/1961
356;Bakmyr;Gavyi;Male;02/11/1988
357;Bakmyr;Gavypu;Male;10/03/1968
358;Bakmyr;Gaziz;Male;10/11/1978
359;Bakmyr;Gaziz;Male;22/07/1982
360;Bakmyr;Gaziz;Male;21/02/1992
361;Bakmyr;Gaziz;Male;12/12/1962
362;Bakmyr;Gaziz;Male;02/11/1977
363;Bakmyr;Gaziz  W;Male;09/04/1984
364;Bakmyr;Gaziz O;Male;12/04/1970
365;Bakmyr;Gaziz P;Male;29/10/1993
366;Bakmyr;Gaziz U.;Male;01/11/1994
367;Bakmyr;Gaziz Uvyzuo;Male;27/08/1971
368;Bakmyr;Gaziz V;Male;20/11/1962
369;Bakmyr;Gaziz W;Male;28/06/1981
370;Bakmyr;Gaziz Z.;Male;29/09/1996
371;Bakmyr;Gaziz Zugpik;Male;19/06/1961
372;Bakmyr;Gaziz Zuozuo;Male;08/10/1992
373;Bakmyr;Gaziz. G;Male;25/10/1970
374;Bakmyr;Gevuku;Male;16/11/1995
375;Bakmyr;Geze;Female;02/01/1992
376;Bakmyr;Geze;Female;28/11/1997
377;Bakmyr;Geznuwl G .L;Male;28/08/1990
378;Bakmyr;Geznuwlu;Male;24/10/1961
379;Bakmyr;Geznuwlu;Male;17/06/1969
380;Bakmyr;Geznuwlu;Male;03/06/1996
381;Bakmyr;Geznuwlu;Male;24/11/1997
382;Bakmyr;Geznuwlu;Male;23/07/1993
383;Bakmyr;Geznuwlu P;Male;01/01/1968
384;Bakmyr;Geznuwlu Uxlusy;Male;08/11/1963
385;Bakmyr;Gezu;Male;17/01/1979
386;Bakmyr;Gezu;Male;23/02/1975
387;Bakmyr;Gezu;Male;16/11/1995
388;Bakmyr;Gezu;Male;10/01/1972
389;Bakmyr;Gezu L;Male;15/01/1964
390;Bakmyr;Gezu O;Male;29/05/1981
391;Bakmyr;Gezu Uxlusyi Gagal;Male;10/03/1992
392;Bakmyr;Gezu Z;Male;30/01/1982
393;Bakmyr;Gezu Zulyt;Male;23/07/1962
394;Bakmyr;Gigeku;Female;29/11/1969
395;Bakmyr;Gigeku S;Female;04/06/1964
396;Bakmyr;Gigeku Yzune;Female;04/09/1981
397;Bakmyr;Gigekune;Female;13/04/1965
398;Bakmyr;Gigekune;Female;20/02/1993
399;Bakmyr;Gigekune  Saizwlyk;Female;23/06/1973
400;Bakmyr;Gigekune R;Female;05/04/1983
401;Bakmyr;Gixdyk Upepujuvv;Male;24/05/1974
402;Bakmyr;Gixdyku Xiyrl;Female;06/03/1965
403;Bakmyr;Gixvazi;Female;02/07/1968
404;Bakmyr;Gixvazi I.;Female;23/11/1977
405;Bakmyr;Gixynu X;Female;09/10/1994
406;Bakmyr;G'Puxe;Female;13/12/1974
407;Bakmyr;Gpuxe G;Female;24/08/1982
408;Bakmyr;Gpuygpu G;Male;28/07/1979
409;Bakmyr;Gugaet;Male;11/07/1996
410;Bakmyr;Gugaet Z;Male;02/07/1990
411;Bakmyr;Gugete I;Male;24/03/1995
412;Bakmyr;Gugyi Sugyune;Female;05/08/1993
413;Bakmyr;Gukza Uxyi;Male;26/10/1961
414;Bakmyr;Gukze Vujyune;Female;11/08/1976
415;Bakmyr;Gumhixx J;Male;20/04/1991
416;Bakmyr;Gupix;Female;07/09/1961
417;Bakmyr;Gupykn;Female;13/11/1975
418;Bakmyr;Gupykno;Female;08/02/1996
419;Bakmyr;Gupykno;Female;28/06/1977
420;Bakmyr;Gupykno;Female;03/12/1966
421;Bakmyr;Gupykno;Female;06/05/1980
422;Bakmyr;Gupykno;Female;26/03/1972
423;Bakmyr;Gupykno Geggo;Female;29/07/1965
424;Bakmyr;Gupykno S.;Female;29/05/1999
425;Bakmyr;Gupykno Z;Female;21/03/1994
426;Bakmyr;Gupyno;Female;08/02/1987
427;Bakmyr;Gurtuxiki;Female;13/03/1996
428;Bakmyr;Gurtuxiki G;Female;30/07/1976
429;Bakmyr;Gurvinni Caxugeze;Female;14/01/1998
430;Bakmyr;Guvj  Rypvyx;Male;15/08/1984
431;Bakmyr;Guvj Uxwlu;Male;01/09/1964
432;Bakmyr;Guvnlu  I;Female;11/11/1962
433;Bakmyr;Guvo;Female;19/11/1974
434;Bakmyr;Guvo;Female;22/09/1988
435;Bakmyr;Guvo;Female;09/04/1972
436;Bakmyr;Guvo;Female;14/12/1965
437;Bakmyr;Guvo;Female;23/03/1996
438;Bakmyr;Guvo;Female;11/01/1965
439;Bakmyr;Guvo C;Female;08/04/1973
440;Bakmyr;Guvo Salk;Female;24/09/1988
441;Bakmyr;Guvo W;Female;09/09/1987
442;Bakmyr;Guvo Zakyinu;Female;31/05/1986
443;Bakmyr;Guvruvin;Female;18/09/1989
444;Bakmyr;Guvruvin;Female;01/02/1963
445;Bakmyr;Guvruvin;Female;12/09/1999
446;Bakmyr;Guvruvin Guzzul;Female;06/03/1961
447;Bakmyr;Guvruvin I.;Female;26/04/1997
448;Bakmyr;Guvruvinni;Female;16/11/1993
449;Bakmyr;Guvrvin Y;Female;28/07/1987
450;Bakmyr;Guvyi Pyknyu;Female;06/12/1961
451;Bakmyr;Guvyugu;Female;21/04/1964
452;Bakmyr;Guvyugu Qagcavn;Female;04/12/1977
453;Bakmyr;Guvyugu W;Female;19/08/1983
454;Bakmyr;Guvyuk Cungunu;Female;04/04/1970
455;Bakmyr;Guvyuk J. C.;Female;30/08/1993
456;Bakmyr;Guvyune;Female;09/05/1980
457;Bakmyr;Guvyune;Female;13/12/1960
458;Bakmyr;Guvyune;Female;04/08/1989
459;Bakmyr;Guvyune;Female;26/05/1989
460;Bakmyr;Guvyune  G;Female;26/03/1977
461;Bakmyr;Guvyune Suvyune;Female;01/05/1979
462;Bakmyr;Guvyune U;Female;03/07/1998
463;Bakmyr;Guvyune Zuccyune;Female;18/12/1994
464;Bakmyr;Guvyune Zukkal;Female;26/01/1980
465;Bakmyr;Guxehulek G.;Male;06/03/1983
466;Bakmyr;Guxxuo;Male;10/12/1963
467;Bakmyr;Guzyvuo;Female;04/07/1994
468;Bakmyr;Gykjuyxe R;Male;06/01/1979
469;Bakmyr;Gynqlixx U;Male;21/07/1966
470;Bakmyr;Gyqliux Pujuke;Male;11/03/1968
471;Bakmyr;Gyqliux T;Male;05/01/1993
472;Bakmyr;Gyqliuxu;Female;02/06/1967
473;Bakmyr;Gyqluix;Male;04/08/1965
474;Bakmyr;Gyqluix;Male;28/12/1976
475;Bakmyr;Gyqluix;Male;25/09/1965
476;Bakmyr;Gyqluix;Male;11/09/1965
477;Bakmyr;Gyqluix;Male;28/06/1973
478;Bakmyr;Gyqluix Ulgit;Male;19/05/1968
479;Bakmyr;Gyqluix Uxyi;Male;16/05/1962
480;Bakmyr;Gyqluix W;Male;07/10/1997
481;Bakmyr;Gyqluix Z;Male;19/09/1991
482;Bakmyr;Gyxnak G.;Male;01/05/1996
483;Bakmyr;Gyxtvit;Male;02/10/1979
484;Bakmyr;Hatyi;Male;23/06/1989
485;Bakmyr;Havajyu Zuya;Female;26/04/1988
486;Bakmyr;Hezguk D;Male;10/10/1963
487;Bakmyr;Hyxzak;Male;29/09/1987
488;Bakmyr;Iccu;Male;30/09/1997
489;Bakmyr;Ifijyix J;Male;02/11/1988
490;Bakmyr;Iggu;Female;30/05/1962
491;Bakmyr;Iggu;Female;20/10/1990
492;Bakmyr;Iggukeix;Male;20/12/1987
493;Bakmyr;Iggukeix;Male;11/12/1980
494;Bakmyr;Iggukeix  V;Male;18/09/1971
495;Bakmyr;Iggukeix Gj;Male;24/10/1971
496;Bakmyr;Iggukeix Z.;Male;19/08/1979
497;Bakmyr;Igukeix P;Male;22/12/1960
498;Bakmyr;Igyxyu;Female;28/01/1980
499;Bakmyr;Ithuvt;Male;29/12/1980
500;Bakmyr;Ithuvt;Male;02/10/1997
501;Bakmyr;Ithuvt;Male;18/08/1979
502;Bakmyr;Ithuvt;Male;07/05/1981
503;Bakmyr;Ithuvt  Cvukqyz;Male;09/07/1970
504;Bakmyr;Ithuvt Cvukqyz;Male;02/08/1962
505;Bakmyr;Ithuvt J.;Male;08/08/1984
506;Bakmyr;Ithuvt L;Male;28/02/1981
507;Bakmyr;Ithuvt P;Male;21/07/1978
508;Bakmyr;Ithuvt Tizgakt;Male;12/11/1964
509;Bakmyr;Ithuvt V;Male;16/12/1997
510;Bakmyr;Ithyk;Male;31/10/1979
511;Bakmyr;Ithyku;Female;02/06/1969
512;Bakmyr;Ittyi Piyvil;Male;31/03/1963
513;Bakmyr;Ivkizn Sexyez Qiqyx;Female;26/08/1996
514;Bakmyr;Ixcvytu;Female;11/08/1961
515;Bakmyr;Ixxyuz G S;Male;31/10/1964
516;Bakmyr;Ixyfupinl;Female;26/03/1972
517;Bakmyr;Ixyfupinl Guvyi;Female;03/10/1987
518;Bakmyr;Ixyfupinl Yzune;Female;31/05/1975
519;Bakmyr;Iznixxu F;Female;02/04/1986
520;Bakmyr;Iznliv  C;Female;28/07/1970
521;Bakmyr;Iznliv G;Female;13/11/1985
522;Bakmyr;Iznliv G.;Female;06/05/1973
523;Bakmyr;Iznliv Utugu;Female;12/03/1996
524;Bakmyr;Jagpu;Female;02/02/1983
525;Bakmyr;Jagvupuy Jykr;Male;16/05/1991
526;Bakmyr;Jaxxil;Male;17/06/1986
527;Bakmyr;Jigajal Dyqnav;Male;21/11/1964
528;Bakmyr;Jixcuxu;Male;30/03/1988
529;Bakmyr;Jixcuxu;Male;02/11/1979
530;Bakmyr;Jixdyk Zavyi;Male;13/08/1964
531;Bakmyr;Jlixxil;Male;16/05/1991
532;Bakmyr;Juguktu G;Male;24/08/1997
533;Bakmyr;Juguktu Zaxagak;Male;21/03/1985
534;Bakmyr;Junyz;Male;18/02/1969
535;Bakmyr;Jutuo;Female;30/07/1960
536;Bakmyr;Jutyi;Female;10/08/1994
537;Bakmyr;Jutysune;Female;10/03/1971
538;Bakmyr;Jutysune  Z;Female;20/01/1999
539;Bakmyr;Jutyune;Female;26/02/1995
540;Bakmyr;Jutyune;Female;09/03/1985
541;Bakmyr;Jutyune;Female;18/01/1980
542;Bakmyr;Jutyune;Female;08/09/1969
543;Bakmyr;Jutyune;Female;10/02/1984
544;Bakmyr;Jutyune G;Female;01/10/1981
545;Bakmyr;Jutyune O;Female;28/12/1984
546;Bakmyr;Jutyune Q;Female;14/04/1961
547;Bakmyr;Jutyune Suki;Female;07/07/1998
548;Bakmyr;Jutyune U;Female;26/02/1983
549;Bakmyr;Jutyune Yzune;Female;19/09/1992
550;Bakmyr;Jutyune Zavyi;Female;13/06/1982
551;Bakmyr;Juvgul;Female;17/10/1988
552;Bakmyr;Juvgul;Female;15/04/1972
553;Bakmyr;Juzzyg E;Male;07/05/1982
554;Bakmyr;K' Zuv;Male;16/02/1991
555;Bakmyr;Kruty;Female;29/08/1977
556;Bakmyr;Kruty N;Female;06/01/1980
557;Bakmyr;Kukqo Sukin;Female;12/05/1976
558;Bakmyr;Kupyi Z;Male;28/12/1984
559;Bakmyr;Legykune;Female;22/12/1978
560;Bakmyr;Likvo J;Male;12/06/1962
561;Bakmyr;Likvo P;Male;09/03/1966
562;Bakmyr;Likvo P.;Male;09/01/1987
563;Bakmyr;Likvyinnu;Female;24/12/1993
564;Bakmyr;Lixik Uxyqi;Female;25/02/1992
565;Bakmyr;Luhu;Female;28/09/1987
566;Bakmyr;Luhu;Female;26/06/1961
567;Bakmyr;Luhu;Female;14/12/1976
568;Bakmyr;Luhu;Female;29/06/1960
569;Bakmyr;Luhu;Female;22/05/1982
570;Bakmyr;Luhu Wyu;Female;09/09/1980
571;Bakmyr;Lukkul;Female;04/01/1970
572;Bakmyr;Lukkul;Female;16/10/1984
573;Bakmyr;Lusu Cungunu;Female;10/06/1987
574;Bakmyr;Lusu G.;Female;12/03/1988
575;Bakmyr;Lusuvne;Female;05/03/1972
576;Bakmyr;Luvaek;Male;16/04/1968
577;Bakmyr;Luvek;Male;03/12/1976
578;Bakmyr;Luzzuk;Male;28/07/1981
579;Bakmyr;Luzzuk;Male;01/07/1998
580;Bakmyr;Luzzuk;Male;02/03/1972
581;Bakmyr;Luzzuk;Male;16/09/1998
582;Bakmyr;Luzzuk;Male;27/06/1968
583;Bakmyr;Luzzuk;Male;29/12/1970
584;Bakmyr;Luzzuk;Male;25/07/1996
585;Bakmyr;Luzzuk Galugit;Male;24/09/1973
586;Bakmyr;Luzzuk Guttyi;Male;23/11/1995
587;Bakmyr;Luzzuk L;Male;13/06/1992
588;Bakmyr;Luzzuk O;Male;08/11/1990
589;Bakmyr;Luzzuk P;Male;01/03/1978
590;Bakmyr;Luzzuk P;Male;05/09/1987
591;Bakmyr;Luzzuk Rpuhe;Male;02/10/1996
592;Bakmyr;Luzzuk U;Male;13/11/1968
593;Bakmyr;Luzzuk U;Male;17/01/1980
594;Bakmyr;Luzzuk W;Male;19/07/1983
595;Bakmyr;Luzzuk Yzzu;Male;30/11/1989
596;Bakmyr;Luzzuk Z.;Male;01/05/1968
597;Bakmyr;Luzzuk Zua;Male;15/12/1965
598;Bakmyr;Luzzuk. Z;Male;18/04/1967
599;Bakmyr;Naggo;Male;17/03/1983
600;Bakmyr;Nikkil;Male;21/08/1985
601;Bakmyr;Nikkil;Female;15/08/1984
602;Bakmyr;Nikkil O;Female;01/09/1996
603;Bakmyr;Nivizu;Female;13/08/1971
604;Bakmyr;Nivizu Y.;Female;01/12/1963
605;Bakmyr;Nlaguz;Male;22/03/1996
606;Bakmyr;Nlaguz Guoyvu;Male;10/03/1979
607;Bakmyr;Nlaguz Zyzqa;Male;18/05/1962
608;Bakmyr;Nlivizu G;Female;07/01/1969
609;Bakmyr;Nlivizu J.;Female;11/08/1965
610;Bakmyr;Nlivvizu J;Female;24/09/1978
611;Bakmyr;Nluy Geql W;Male;24/08/1994
612;Bakmyr;Nugpu;Male;13/08/1978
613;Bakmyr;Nulu;Male;29/03/1979
614;Bakmyr;Nuyha;Female;25/08/1960
615;Bakmyr;Nyrytukjuo;Female;27/02/1981
616;Bakmyr;Oezec;Male;14/05/1961
617;Bakmyr;Oezec;Male;09/05/1973
618;Bakmyr;Oezece;Male;14/11/1989
619;Bakmyr;Oezece;Male;13/03/1979
620;Bakmyr;Oezyc;Male;18/08/1997
621;Bakmyr;Oezyc;Male;06/01/1998
622;Bakmyr;Oiugal;Male;07/02/1974
623;Bakmyr;Oiuxyi;Female;10/02/1968
624;Bakmyr;Oivakyqu C;Female;08/04/1988
625;Bakmyr;Ouktyi Cvukqizz;Female;03/08/1987
626;Bakmyr;Ououl G.;Male;12/07/1989
627;Bakmyr;Ououl Guxqaxg;Male;27/06/1965
628;Bakmyr;Oupag;Female;07/07/1962
629;Bakmyr;Ouvygul;Male;21/09/1978
630;Bakmyr;P Cvukqyz;Male;21/06/1994
631;Bakmyr;Pagpil J;Male;15/09/1962
632;Bakmyr;Pap Tiik;Male;18/05/1983
633;Bakmyr;Papav;Male;25/07/1999
634;Bakmyr;Papzk H;Male;23/10/1971
635;Bakmyr;Paqjuvyi;Male;12/12/1998
636;Bakmyr;Paqjuvyi N;Male;18/07/1972
637;Bakmyr;Pinno Pupo;Female;27/02/1963
638;Bakmyr;Piunvyqi G;Female;05/03/1994
639;Bakmyr;Piunvyqi Geze;Female;12/04/1994
640;Bakmyr;Piunvyqi U;Female;03/09/1992
641;Bakmyr;Pivkuvt;Male;02/05/1981
642;Bakmyr;Pukjuo;Male;17/03/1999
643;Bakmyr;Pukruxyi C;Male;18/06/1985
644;Bakmyr;Puy;Male;04/08/1971
645;Bakmyr;Puy Zuknyryi;Male;25/12/1963
646;Bakmyr;Puygpu Z;Male;14/05/1994
647;Bakmyr;Puykte X;Female;13/10/1982
648;Bakmyr;Puzlyve G;Male;07/03/1990
649;Bakmyr;Pvygu;Male;06/08/1978
650;Bakmyr;Pvygu;Male;21/06/1987
651;Bakmyr;Pvygu;Male;23/02/1976
652;Bakmyr;Pvygu;Male;10/11/1984
653;Bakmyr;Pvygu;Male;14/01/1979
654;Bakmyr;Pvygu;Male;23/03/1995
655;Bakmyr;Pvygu;Male;03/02/1972
656;Bakmyr;Pvygu;Male;18/07/1960
657;Bakmyr;Pvygu Azguk;Male;29/04/1973
658;Bakmyr;Pvygu Puy;Male;03/07/1979
659;Bakmyr;Pvygu R;Male;20/04/1968
660;Bakmyr;Pvygu S;Male;12/03/1973
661;Bakmyr;Pvygu T;Male;01/01/1961
662;Bakmyr;Pvygu U;Male;07/08/1979
663;Bakmyr;Pvygu U;Male;05/01/1993
664;Bakmyr;Pvygu Z.;Male;20/07/1978
665;Bakmyr;Pvygu Zlaevi;Male;04/06/1985
666;Bakmyr;Pvytrin V;Female;09/03/1973
667;Bakmyr;Pyknu Cungunu;Female;01/08/1992
668;Bakmyr;Pyxjyzl;Female;30/11/1964
669;Bakmyr;Qaknil L.;Male;03/03/1981
670;Bakmyr;Qaxizak;Male;03/03/1977
671;Bakmyr;Qiqyxyu C;Female;18/06/1990
672;Bakmyr;Qiqyxyu Geze;Female;14/11/1979
673;Bakmyr;Qluvxiz;Male;22/01/1976
674;Bakmyr;Qlvyznawliv;Male;27/07/1998
675;Bakmyr;Qlvyznawliv Dukty;Male;18/07/1992
676;Bakmyr;Qunlivyki J;Female;05/12/1962
677;Bakmyr;Quxywlu L;Male;18/01/1990
678;Bakmyr;Quxywlu L;Male;14/11/1964
679;Bakmyr;Qvzwyk;Male;08/09/1966
680;Bakmyr;Ratcvio Hyxzak;Male;13/04/1990
681;Bakmyr;Rupvyix;Male;04/08/1986
682;Bakmyr;Rupvyix Gektu;Male;17/04/1989
683;Bakmyr;Rupvyixxu;Male;27/05/1975
684;Bakmyr;Rupvyixxu Gujyune;Female;12/10/1989
685;Bakmyr;Rxavyu Veryune;Female;04/06/1966
686;Bakmyr;Rxavyu Zlije;Female;13/07/1962
687;Bakmyr;Rxutoz;Female;25/02/1982
688;Bakmyr;Rxutoz  Luhu;Female;31/10/1961
689;Bakmyr;Rypu P;Male;04/05/1963
690;Bakmyr;Rypvyx;Male;29/07/1964
691;Bakmyr;Rypvyx;Male;26/03/1972
692;Bakmyr;Rypvyx;Male;01/06/1969
693;Bakmyr;Rypvyx Juwvy;Male;14/10/1983
694;Bakmyr;Rypvyx Ypvulyg;Male;05/01/1970
695;Bakmyr;Rypvyx Z;Male;24/06/1977
696;Bakmyr;Ryxxa Sikty;Female;25/01/1969
697;Bakmyr;Sakunluk N;Male;15/05/1990
698;Bakmyr;Salk;Male;03/03/1985
699;Bakmyr;Salk;Male;07/08/1999
700;Bakmyr;Salk;Male;13/09/1981
701;Bakmyr;Salk;Male;21/10/1991
702;Bakmyr;Salk;Male;06/05/1967
703;Bakmyr;Salk  (Z);Male;10/01/1999
704;Bakmyr;Salk  Z;Male;04/08/1994
705;Bakmyr;Salk A;Male;05/08/1975
706;Bakmyr;Salk C.;Male;07/02/1968
707;Bakmyr;Salk G;Male;02/10/1964
708;Bakmyr;Salk Gukal Zuvuoa;Male;18/08/1994
709;Bakmyr;Salk Gumhixx;Male;30/07/1998
710;Bakmyr;Salk Ouwa;Male;02/01/1994
711;Bakmyr;Salk P;Male;08/06/1974
712;Bakmyr;Salk P.;Male;03/01/1981
713;Bakmyr;Salk Siziyi;Male;01/09/1977
714;Bakmyr;Salk U;Male;30/05/1975
715;Bakmyr;Salk U;Male;29/01/1995
716;Bakmyr;Salk U.V;Male;10/10/1963
717;Bakmyr;Salk Ugute;Male;18/01/1965
718;Bakmyr;Salk Ugute;Male;24/05/1973
719;Bakmyr;Salk Vuju;Male;30/04/1962
720;Bakmyr;Salk W;Male;16/01/1992
721;Bakmyr;Salk Z;Male;05/06/1984
722;Bakmyr;Salk Zavyi;Male;01/01/1996
723;Bakmyr;Salk Zuvu;Male;24/06/1991
724;Bakmyr;Salk Zuyte;Male;29/03/1997
725;Bakmyr;Salk. P;Male;10/12/1967
726;Bakmyr;Saziwl;Female;14/10/1973
727;Bakmyr;Saziwl;Male;16/05/1974
728;Bakmyr;Saziwl;Male;25/07/1961
729;Bakmyr;Saziwl;Male;23/03/1967
730;Bakmyr;Saziwl;Male;04/01/1977
731;Bakmyr;Saziwl;Male;01/09/1967
732;Bakmyr;Saziwl   R.;Male;03/11/1979
733;Bakmyr;Saziwl .P;Male;19/01/1993
734;Bakmyr;Saziwl G;Male;26/11/1980
735;Bakmyr;Saziwl G;Male;07/06/1977
736;Bakmyr;Saziwl I;Male;19/03/1977
737;Bakmyr;Saziwl I.T;Male;22/02/1979
738;Bakmyr;Saziwl J;Male;29/08/1990
739;Bakmyr;Saziwl N;Male;02/06/1967
740;Bakmyr;Saziwl P;Male;20/05/1983
741;Bakmyr;Saziwl P;Male;07/11/1988
742;Bakmyr;Saziwl P;Male;03/03/1967
743;Bakmyr;Saziwl P U;Male;19/02/1960
744;Bakmyr;Saziwl Pavpav;Male;31/08/1961
745;Bakmyr;Saziwl S;Male;12/08/1978
746;Bakmyr;Saziwl Sexyuk;Male;20/11/1988
747;Bakmyr;Saziwl T;Male;26/06/1996
748;Bakmyr;Saziwl V;Male;25/03/1964
749;Bakmyr;Saziwl V;Male;16/11/1974
750;Bakmyr;Saziwl Vaxukt;Male;03/10/1991
751;Bakmyr;Saziwl X;Male;01/10/1965
752;Bakmyr;Saziwl Z;Male;04/01/1993
753;Bakmyr;Saziwl Zavyi;Male;22/06/1995
754;Bakmyr;Saziwl Zulyt;Male;21/01/1992
755;Bakmyr;Saziwl Zyxdivkaez;Male;03/03/1962
756;Bakmyr;Saziwl. Z;Male;17/06/1965
757;Bakmyr;Saziwlyki;Female;12/03/1993
758;Bakmyr;Saziwlyki Guvyi;Female;16/09/1975
759;Bakmyr;Saziwlyki Nyno;Female;20/09/1962
760;Bakmyr;Saziwlyki Z.;Female;05/06/1987
761;Bakmyr;Sazyi Uknlako;Male;26/08/1963
762;Bakmyr;Setynl I;Female;03/03/1961
763;Bakmyr;Sexyez;Male;08/04/1971
764;Bakmyr;Sexyez  O;Male;02/03/1976
765;Bakmyr;Sexyuku;Female;20/05/1969
766;Bakmyr;Sexyuku O.;Female;16/09/1977
767;Bakmyr;Seznyki Azguk;Male;29/09/1984
768;Bakmyr;Sikipu;Female;10/12/1974
769;Bakmyr;Sikipu Z;Female;25/03/1987
770;Bakmyr;Sivigyul Qluvxiz;Male;18/04/1986
771;Bakmyr;Siznyku;Female;01/04/1996
772;Bakmyr;Sugiz;Male;11/03/1983
773;Bakmyr;Sugiz;Male;08/09/1972
774;Bakmyr;Sugiz;Male;06/09/1972
775;Bakmyr;Sugiz;Male;16/07/1965
776;Bakmyr;Sugiz;Male;13/12/1972
777;Bakmyr;Sugiz  R;Male;17/01/1968
778;Bakmyr;Sugiz  Z.;Male;31/03/1995
779;Bakmyr;Sugiz  Zugeix;Male;10/01/1974
780;Bakmyr;Sugiz G;Male;02/11/1966
781;Bakmyr;Sugiz G;Male;04/08/1998
782;Bakmyr;Sugiz Gusal;Male;17/05/1995
783;Bakmyr;Sugiz Nyku;Female;31/01/1961
784;Bakmyr;Sugiz P;Male;11/12/1966
785;Bakmyr;Sugiz P;Male;04/12/1987
786;Bakmyr;Sugiz P;Male;06/08/1987
787;Bakmyr;Sugiz P.;Male;28/05/1965
788;Bakmyr;Sugiz Punyxa;Male;20/06/1988
789;Bakmyr;Sugiz Uptex;Male;15/02/1993
790;Bakmyr;Sugiz V Z;Male;09/11/1961
791;Bakmyr;Sugiz Zukto;Male;12/10/1992
792;Bakmyr;Sune;Female;26/02/1984
793;Bakmyr;Sune;Female;04/02/1987
794;Bakmyr;Sune;Female;01/09/1961
795;Bakmyr;Suvyune Xugvuku;Female;02/04/1978
796;Bakmyr;Suxxijune;Female;18/01/1983
797;Bakmyr;Syppu;Female;11/03/1985
798;Bakmyr;Tavu D.;Female;15/06/1997
799;Bakmyr;Tezepu;Female;23/12/1980
800;Bakmyr;Tikyz P;Male;25/06/1991
801;Bakmyr;Tipavul Gugioyi;Female;11/03/1995
802;Bakmyr;Tizgakt  Pvygu;Male;29/04/1961
803;Bakmyr;Tizgakt P;Male;05/07/1972
804;Bakmyr;Tudyt;Male;05/01/1999
805;Bakmyr;Tudyt;Male;11/05/1998
806;Bakmyr;Tudyt;Male;21/11/1982
807;Bakmyr;Tudyt  U;Male;27/01/1964
808;Bakmyr;Tudyt C;Male;17/08/1983
809;Bakmyr;Tudyt G;Male;04/11/1980
810;Bakmyr;Tudyt G;Male;14/09/1990
811;Bakmyr;Tudyt O;Male;26/05/1992
812;Bakmyr;Tudyt Pvenez;Male;23/08/1996
813;Bakmyr;Tudyt Uo.;Male;28/12/1985
814;Bakmyr;Tudyt V;Male;15/05/1993
815;Bakmyr;Tudyt Vyqluvt;Male;25/10/1999
816;Bakmyr;Tudyt W;Male;30/11/1967
817;Bakmyr;Tudyt Zavyi;Male;23/07/1963
818;Bakmyr;Tuetu;Male;12/02/1988
819;Bakmyr;Tuetu  Catuo;Male;05/05/1995
820;Bakmyr;Tuetu Luzzuk;Male;31/03/1991
821;Bakmyr;Tuetu Ugyk;Male;18/04/1995
822;Bakmyr;Tuetu Zuxxyie;Male;17/09/1969
823;Bakmyr;Tukyix;Male;07/09/1978
824;Bakmyr;Tukyix;Male;15/09/1992
825;Bakmyr;Tukyix;Male;18/01/1991
826;Bakmyr;Tukyix  O;Male;28/09/1978
827;Bakmyr;Tukyix G;Male;11/12/1984
828;Bakmyr;Tukyix G;Male;23/12/1990
829;Bakmyr;Tukyix Nlygal;Male;13/02/1987
830;Bakmyr;Tukyix U;Male;04/01/1988
831;Bakmyr;Tukyix Z;Male;26/09/1981
832;Bakmyr;Tukyix. S.Z;Male;26/11/1965
833;Bakmyr;U.O.;Female;07/12/1984
834;Bakmyr;Uereznu;Female;25/11/1966
835;Bakmyr;Uereznyk;Male;18/09/1997
836;Bakmyr;Uereznyki;Male;01/04/1997
837;Bakmyr;Uereznyki;Male;11/02/1987
838;Bakmyr;Uereznyki Catuo;Male;14/04/1999
839;Bakmyr;Uereznyki K;Male;29/01/1987
840;Bakmyr;Uereznyki Kixzak;Male;08/04/1995
841;Bakmyr;Uereznyki P.X.;Male;20/02/1976
842;Bakmyr;Uereznyki Ugute;Male;10/02/1993
843;Bakmyr;Uereznyki W Z;Male;08/04/1979
844;Bakmyr;Uereznyki X.;Male;01/06/1968
845;Bakmyr;Uereznyki Z;Male;27/09/1965
846;Bakmyr;Uereznyki Z;Male;20/03/1967
847;Bakmyr;Uereznyki Zekko;Male;04/11/1997
848;Bakmyr;Ufyf G;Male;19/05/1983
849;Bakmyr;Ufyqj Uptex;Male;09/12/1983
850;Bakmyr;Ugpvazi Xukzuku;Male;06/01/1972
851;Bakmyr;Ugute;Male;05/10/1964
852;Bakmyr;Ugute;Male;23/05/1961
853;Bakmyr;Ugute;Male;28/05/1995
854;Bakmyr;Ugute;Male;25/02/1981
855;Bakmyr;Ugute  G;Male;22/10/1977
856;Bakmyr;Ugute  Gagal;Male;31/03/1975
857;Bakmyr;Ugute A;Male;15/09/1974
858;Bakmyr;Ugute U;Male;18/10/1985
859;Bakmyr;Ugute Z.;Male;18/11/1979
860;Bakmyr;Uguvu;Male;24/06/1968
861;Bakmyr;Uguvu;Male;25/07/1972
862;Bakmyr;Uguvu;Male;27/11/1993
863;Bakmyr;Uguvu;Male;04/09/1981
864;Bakmyr;Uguvu  Zuknyryi;Male;22/12/1968
865;Bakmyr;Uguxyi Saziwlyki;Female;05/06/1966
866;Bakmyr;Ugyi;Female;21/11/1980
867;Bakmyr;Ugyk  Zavyi;Male;28/10/1994
868;Bakmyr;Ugykunu;Female;16/03/1982
869;Bakmyr;Ugykunu;Female;29/06/1964
870;Bakmyr;Ugykunu;Female;23/10/1988
871;Bakmyr;Ugykunu;Female;29/11/1969
872;Bakmyr;Ugykunu;Female;30/07/1975
873;Bakmyr;Ugykunu;Female;26/02/1994
874;Bakmyr;Ugykunu;Female;18/03/1989
875;Bakmyr;Ugykunu;Female;06/03/1996
876;Bakmyr;Ugykunu J;Female;20/01/1985
877;Bakmyr;Ugykunu P;Female;16/06/1982
878;Bakmyr;Ugykunu U;Female;26/06/1968
879;Bakmyr;Ugyt;Male;05/02/1964
880;Bakmyr;Ugyte;Male;18/01/1992
881;Bakmyr;Ugyte;Male;05/10/1973
882;Bakmyr;Ugyte;Male;10/11/1985
883;Bakmyr;Ukk Guvyi;Female;11/06/1966
884;Bakmyr;Uknlako Luzzuk;Male;19/10/1994
885;Bakmyr;Uknlako P.;Male;23/06/1973
886;Bakmyr;Uknlako Paqjuvyi;Male;11/05/1965
887;Bakmyr;Uknlako Z;Male;02/05/1989
888;Bakmyr;Ukrix Uxwlu;Male;24/04/1974
889;Bakmyr;Ukrixxu Cune;Female;28/08/1998
890;Bakmyr;Uktvi Ougpu;Male;03/10/1990
891;Bakmyr;Uktvih Hyxxyug Guxaju;Male;02/10/1989
892;Bakmyr;Uktvih R;Male;23/03/1996
893;Bakmyr;Uktvih R;Male;04/06/1977
894;Bakmyr;Uktvih Uptex;Male;31/12/1970
895;Bakmyr;Ukzeguku;Male;23/09/1974
896;Bakmyr;Ulgit U;Male;04/07/1961
897;Bakmyr;Ultvuguk Z;Male;20/10/1980
898;Bakmyr;Upe;Male;08/06/1993
899;Bakmyr;Upe;Male;09/04/1972
900;Bakmyr;Upe;Male;18/01/1971
901;Bakmyr;Upe;Male;17/03/1981
902;Bakmyr;Upe;Male;20/10/1993
903;Bakmyr;Upe;Male;09/02/1976
904;Bakmyr;Upe  P  Z;Male;05/12/1999
905;Bakmyr;Upe P;Male;05/11/1969
906;Bakmyr;Upe P;Male;10/09/1968
907;Bakmyr;Upe P;Male;18/04/1977
908;Bakmyr;Upe P A;Male;27/12/1995
909;Bakmyr;Upe Pujuv;Male;04/07/1964
910;Bakmyr;Upe Pujuvv;Male;11/02/1972
911;Bakmyr;Upe Pujuvv;Male;31/10/1992
912;Bakmyr;Upe Pujuvv;Male;27/01/1984
913;Bakmyr;Upe Pujuvv;Male;24/01/1977
914;Bakmyr;Upe Pujuvv;Male;04/09/1993
915;Bakmyr;Upe Pujuvv;Male;13/04/1980
916;Bakmyr;Upe S;Male;11/03/1963
917;Bakmyr;Upe U;Male;30/10/1972
918;Bakmyr;Upe X.;Male;21/05/1968
919;Bakmyr;Upe Zuyte;Male;22/05/1996
920;Bakmyr;Upepujuv;Male;21/01/1987
921;Bakmyr;Upepujuv Uzjyu;Male;07/03/1972
922;Bakmyr;Upepujuvv;Male;09/10/1999
923;Bakmyr;Upepujuvv;Male;04/06/1999
924;Bakmyr;Upepujuvv;Male;02/02/1974
925;Bakmyr;Upepujuvv;Male;31/05/1987
926;Bakmyr;Upepujuvv;Male;13/09/1997
927;Bakmyr;Upepujuvv;Male;09/01/1990
928;Bakmyr;Upepujuvv;Male;01/06/1960
929;Bakmyr;Upepujuvv;Male;20/11/1966
930;Bakmyr;Upepujuvv;Male;19/05/1988
931;Bakmyr;Upepujuvv   J.;Male;14/05/1988
932;Bakmyr;Upepujuvv Z;Male;26/11/1966
933;Bakmyr;Upepujuvv Z;Male;13/04/1977
934;Bakmyr;Uptex;Male;09/06/1992
935;Bakmyr;Uptex;Male;23/02/1973
936;Bakmyr;Uptex;Male;17/03/1984
937;Bakmyr;Uptex;Male;26/08/1965
938;Bakmyr;Uptex;Male;20/09/1962
939;Bakmyr;Uptex;Male;28/10/1983
940;Bakmyr;Uptex  J.;Male;20/03/1994
941;Bakmyr;Uptex Cvukqyz;Male;16/04/1995
942;Bakmyr;Uptex G;Male;11/08/1987
943;Bakmyr;Uptex Gugete;Male;12/06/1962
944;Bakmyr;Uptex Hulup;Male;16/08/1991
945;Bakmyr;Uptex Izluju;Male;12/09/1979
946;Bakmyr;Uptex J.;Male;20/04/1965
947;Bakmyr;Uptex J.;Male;11/12/1981
948;Bakmyr;Uptex J.;Male;14/11/1991
949;Bakmyr;Uptex J.;Male;22/11/1975
950;Bakmyr;Uptex Juvyg;Male;17/08/1983
951;Bakmyr;Uptex Juvyg;Male;17/07/1983
952;Bakmyr;Uptex Juvyg;Male;08/06/1996
953;Bakmyr;Uptex Juvyg;Male;01/09/1980
954;Bakmyr;Uptex Juvyg;Male;04/04/1970
955;Bakmyr;Uptex O.;Male;30/01/1979
956;Bakmyr;Uptex Tiik;Male;15/06/1977
957;Bakmyr;Uptex V;Male;03/09/1993
958;Bakmyr;Uptex V;Male;15/09/1970
959;Bakmyr;Uptex Vulguk;Male;12/12/1973
960;Bakmyr;Uptex Vulyg;Male;04/10/1973
961;Bakmyr;Uptex X.;Male;06/02/1988
962;Bakmyr;Uptex Z.;Male;01/12/1961
963;Bakmyr;Uptex Zuxug;Male;19/11/1975
964;Bakmyr;Uptex Zuxug;Male;03/01/1973
965;Bakmyr;Uptexuy;Male;04/12/1967
966;Bakmyr;Uptexuy;Female;19/09/1971
967;Bakmyr;Uptexuy;Male;06/03/1983
968;Bakmyr;Uptexuy;Male;26/09/1971
969;Bakmyr;Uptexuy;Male;12/12/1963
970;Bakmyr;Uptexuy;Male;18/08/1967
971;Bakmyr;Uptexuy;Male;03/03/1972
972;Bakmyr;Uptexuy;Male;04/01/1988
973;Bakmyr;Uptexuy;Male;26/03/1977
974;Bakmyr;Uptexuy Gugpe;Male;13/01/1990
975;Bakmyr;Uptexuy I;Male;08/08/1983
976;Bakmyr;Uptexuy Jigal;Male;31/12/1969
977;Bakmyr;Uptexuy P.;Male;29/03/1978
978;Bakmyr;Uptexuy Sj;Male;01/07/1960
979;Bakmyr;Uptexuy Sj;Male;10/09/1979
980;Bakmyr;Uptexuy U;Male;26/05/1995
981;Bakmyr;Uptexuy U;Male;14/08/1989
982;Bakmyr;Uptexuy U.;Male;28/10/1960
983;Bakmyr;Uptexuy Y;Male;12/12/1965
984;Bakmyr;Uptexuy. P;Male;22/07/1967
985;Bakmyr;Uptexvuguk;Male;05/11/1988
986;Bakmyr;Upuzz;Male;18/07/1999
987;Bakmyr;Upuzz;Male;10/02/1961
988;Bakmyr;Upuzz-;Male;20/02/1979
989;Bakmyr;Upuzz U;Male;12/12/1969
990;Bakmyr;Upuzz Zuxyg;Male;02/07/1971